{
  "trained_at": "2026-07-20T04:38:14.829017+00:00",
  "dataset_rows": 768,
  "train_rows": 614,
  "test_rows": 154,
  "model_selected": "logistic_regression",
  "cross_validation_scores": {
    "logistic_regression": {
      "mean_roc_auc": 0.8434,
      "std_roc_auc": 0.0185
    },
    "random_forest": {
      "mean_roc_auc": 0.8195,
      "std_roc_auc": 0.022
    },
    "xgboost": {
      "mean_roc_auc": 0.7794,
      "std_roc_auc": 0.0287
    }
  },
  "test_set_metrics": {
    "accuracy": 0.7078,
    "precision": 0.6,
    "recall": 0.5,
    "f1_score": 0.5455,
    "roc_auc": 0.813,
    "confusion_matrix": [
      [
        82,
        18
      ],
      [
        27,
        27
      ]
    ],
    "classification_report": {
      "0": {
        "precision": 0.7522935779816514,
        "recall": 0.82,
        "f1-score": 0.784688995215311,
        "support": 100.0
      },
      "1": {
        "precision": 0.6,
        "recall": 0.5,
        "f1-score": 0.5454545454545454,
        "support": 54.0
      },
      "accuracy": 0.7077922077922078,
      "macro avg": {
        "precision": 0.6761467889908257,
        "recall": 0.6599999999999999,
        "f1-score": 0.6650717703349283,
        "support": 154.0
      },
      "weighted avg": {
        "precision": 0.698891933754319,
        "recall": 0.7077922077922078,
        "f1-score": 0.7008015907537438,
        "support": 154.0
      }
    }
  }
}