{
  "trained_at": "2026-07-15T04:44:00.792783+00:00",
  "dataset_rows": 303,
  "train_rows": 242,
  "test_rows": 61,
  "model_selected": "logistic_regression",
  "cross_validation_scores": {
    "logistic_regression": {
      "mean_roc_auc": 0.8924,
      "std_roc_auc": 0.0322
    },
    "random_forest": {
      "mean_roc_auc": 0.8874,
      "std_roc_auc": 0.0556
    },
    "xgboost": {
      "mean_roc_auc": 0.8692,
      "std_roc_auc": 0.0505
    }
  },
  "test_set_metrics": {
    "accuracy": 0.8852,
    "precision": 0.8611,
    "recall": 0.9394,
    "f1_score": 0.8986,
    "roc_auc": 0.9102,
    "confusion_matrix": [
      [
        23,
        5
      ],
      [
        2,
        31
      ]
    ],
    "classification_report": {
      "0": {
        "precision": 0.92,
        "recall": 0.8214285714285714,
        "f1-score": 0.8679245283018868,
        "support": 28.0
      },
      "1": {
        "precision": 0.8611111111111112,
        "recall": 0.9393939393939394,
        "f1-score": 0.8985507246376812,
        "support": 33.0
      },
      "accuracy": 0.8852459016393442,
      "macro avg": {
        "precision": 0.8905555555555555,
        "recall": 0.8804112554112554,
        "f1-score": 0.883237626469784,
        "support": 61.0
      },
      "weighted avg": {
        "precision": 0.8881420765027322,
        "recall": 0.8852459016393442,
        "f1-score": 0.8844927984507591,
        "support": 61.0
      }
    }
  }
}