{
  "trained_at": "2026-07-19T10:33:49.516087+00:00",
  "dataset_rows": 303,
  "train_rows": 242,
  "test_rows": 61,
  "model_selected": "random_forest",
  "cross_validation_scores": {
    "logistic_regression": {
      "mean_roc_auc": 0.9059,
      "std_roc_auc": 0.0315
    },
    "random_forest": {
      "mean_roc_auc": 0.9102,
      "std_roc_auc": 0.0314
    },
    "xgboost": {
      "mean_roc_auc": 0.8869,
      "std_roc_auc": 0.0225
    }
  },
  "test_set_metrics": {
    "accuracy": 0.8197,
    "precision": 0.84,
    "recall": 0.75,
    "f1_score": 0.7925,
    "roc_auc": 0.9026,
    "confusion_matrix": [
      [
        29,
        4
      ],
      [
        7,
        21
      ]
    ],
    "classification_report": {
      "0": {
        "precision": 0.8055555555555556,
        "recall": 0.8787878787878788,
        "f1-score": 0.8405797101449275,
        "support": 33.0
      },
      "1": {
        "precision": 0.84,
        "recall": 0.75,
        "f1-score": 0.7924528301886793,
        "support": 28.0
      },
      "accuracy": 0.819672131147541,
      "macro avg": {
        "precision": 0.8227777777777778,
        "recall": 0.8143939393939394,
        "f1-score": 0.8165162701668034,
        "support": 61.0
      },
      "weighted avg": {
        "precision": 0.8213661202185794,
        "recall": 0.819672131147541,
        "f1-score": 0.8184886832797643,
        "support": 61.0
      }
    }
  }
}